{"cameraMode":{"drawMode":0,"name":"Shaded","section":"Shading Mode"},"sceneLighting":false,"audioPlay":false,"sceneViewState":{"m_AlwaysRefresh":false,"showFog":true,"showSkybox":false,"showFlares":true,"showImageEffects":true,"showParticleSystems":true,"showVisualEffectGraphs":true,"m_FxEnabled":true},"in2DMode":false,"pivot":{"x":-0.5716191530227661,"y":0.021812230348587037,"z":0.4365808367729187},"rotation":{"x":-0.2194230556488037,"y":0.5550662875175476,"z":-0.15470124781131745,"w":-0.787289023399353},"size":3.7030131816864015,"orthographic":false}